File_name,Score
cropped_6558541-00CB7K-42-S_20Jul2021_Hot_CS656175421057AAQX_side14.jpg,1481.574576
cropped_6558541-00CB7M-42-D_21Jul2021_Hot_CS656175421057AACL_side14.jpg,749.539322
cropped_6558541-00CB7M-42-G_21Jul2021_Hot_CS656175421056AAET_side14.jpg,1430.084407
cropped_6558541-00CB7N-42-D_22Jul2021_Hot_CS656175421060AAUJ_side14.jpg,733.9005085
cropped_6558541-00CB7N-42-G_22Jul2021_Hot_CS656175421056AAQE_side14.jpg,1081.285085
cropped_6558541-00CB7P-42-D_23Jul2021_Hot_P1490076-00-CSD1321203SR1BFG0_side14.jpg,1019.478644
cropped_6558541-00CB8G-42-G_16Aug2021_Hot_CS656175421063AAVI_side14.jpg,1385.336864
cropped_6558541-00CB8H-42-G_17Aug2021_Hot_CS656175421061AANA_side14.jpg,1032.737288
cropped_6558541-00CB8H-42-S_17Aug2021_Hot_CS656175421063AAZW_side14.jpg,1100.454915
cropped_6558541-00CB8J-42-G_18Aug2021_Hot_CS656175421061ABKS_side14.jpg,737.2270339
cropped_6558541-00CB8K-42-G_19Aug2021_Hot_CS656175421061ABPC_side14.jpg,1019.379407
cropped_6558541-00CB8L-42-D_20Aug2021_Hot_CS656175421054AATL_side14.jpg,1054.655254
cropped_6558541-00CB8L-42-G_20Aug2021_Hot_CS656175421049AALK_side14.jpg,547.2751271
cropped_6558541-00CB8P-42-D_23Aug2021_Hot_P1490076-00-CSD1321235SR1BCI0_side14.jpg,733.650339
cropped_6558541-00CB8P-42-G_23Aug2021_Hot_CS656175421061ACBI_side14.jpg,679.4088983
cropped_6558541-00CB8R-42-G_24Aug2021_Hot_CS656175421063AALS_side14.jpg,914.7315254
cropped_6558541-00CB8S-42-D_25Aug2021_Hot_CS656175421064AAMV_side14.jpg,512.8786441
cropped_6558541-00CB8S-42-G_25Aug2021_Hot_CS656175421064AAII_side14.jpg,565.2708475
cropped_6558541-00CB8T-42-G_26Aug2021_Hot_CS656175421068AAWZ_side14.jpg,829.2038983
cropped_6558541-00CB8U-42-G_27Aug2021_Hot_CS656175421068AAMD_side14.jpg,548.0878814
cropped_6558541-00CB8X-42-G_30Aug2021_Hot_CS656175421068AAFC_side14.jpg,750.7554237
cropped_6558541-00CB8Y-42-G_31Aug2021_Hot_CS656175421069ABBO_side14.jpg,690.4286017
cropped_6558541-00CB91-42-G_01Sep2021_Hot_CS656175421069AAVF_side14.jpg,828.7840678
cropped_6558541-00CB92-42-G_02Sep2021_Hot_CS656175421069AAOQ_side14.jpg,942.4713559
cropped_6558541-00CB93-42-G_03Sep2021_Hot_CS656175421069AAAD_side14.jpg,911.4483051
cropped_6558541-00CB97-42-G_07Sep2021_Hot_CS656175421071AART_side14.jpg,1045.602797
cropped_6558541-00CB99-42-G_09Sep2021_Hot_CS656175421071ABOM_side14.jpg,771.0188983
cropped_6558541-00CB9E-42-D_14Sep2021_Hot_CS656175421071AADU_side14.jpg,1130.449915
cropped_6558541-00CB9F-42-D_15Sep2021_Hot_CS656175421071ABON_side14.jpg,1275.194746
cropped_6558541-00CB9G-42-D_16Sep2021_Hot_CS656175421071AAGH_side14.jpg,1374.471525
cropped_6558541-00CB9H-42-D_17Sep2021_Hot_CS656175421076AAAT_side14.jpg,522.7609746
cropped_6558541-00CB9L-42-G_20Sep2021_Hot_CS656175421071ABDI_side14.jpg,735.8233898
cropped_6558541-00CB9N-42-G_22Sep2021_Hot_CS656175421071AAYU_side14.jpg,953.5476271
cropped_6558541-00CB9P-42-S_23Sep2021_Hot_CS656175421071ABAD_side14.jpg,1835.804068
cropped_6558541-00CB9R-42-D_24Sep2021_Hot_P1490076-00-CSD1321267SR1AUP0_side14.jpg,793.8347458
cropped_6558541-00CB9R-42-G_24Sep2021_Hot_CS656175421076AAIP_side14.jpg,746.5052542
cropped_6558541-00CB9V-42-G_28Sep2021_Hot_CS656175421076ABBY_side14.jpg,1031.496864
cropped_6558541-00CB9W-42-G_29Sep2021_Hot_CS656175421076ABJO_side14.jpg,1080.032288
cropped_6558541-00CB9X-42-S_30Sep2021_Hot_CS656175421078AALP_side14.jpg,913.9559322
cropped_6558541-00CBX4-42-D_04Oct2021_Hot_CS656175421076ABEQ_side14.jpg,887.4013559
cropped_6558541-00CBXC-42-G_12Oct2021_Hot_CS656175421078AACE_side14.jpg,1191.757288
cropped_6558541-00CBXC-42-S_12Oct2021_Hot_CS656175421078ABBT_side14.jpg,839.2183051
cropped_6558541-00CBXD-42-G_13Oct2021_Hot_CS656175421078ABFL_side14.jpg,1240.889322
cropped_6558541-00CBXE-42-D_14Oct2021_Hot_CS656175421082AAOH_side14.jpg,1184.104915
cropped_6558541-00CBXF-42-G_15Oct2021_Hot_CS656175421083ABAV_side14.jpg,1380.880508
cropped_6558541-00CBXJ-42-G_18Oct2021_Hot_CS656175421078AAIO_side14.jpg,1014.564746
cropped_6558541-00CBXK-42-D_20Oct2021_Hot_P1490076-00-CSD1321292SR1BKP0_side14.jpg,827.4828814
cropped_6558541-00CBXL-42-D_20Oct2021_Hot_CS656175421273BATJ_side14.jpg,846.2744915
cropped_6558541-00CBXM-42-S_22Oct2021_Hot_P1490076-00-CSD1321294SR1CAR0_side14.jpg,1446.812203
cropped_6558541-00CBXN-42-S_23Oct2021_Hot_CS656175421273BAUG_side14.jpg,1505.87322
cropped_6558541-00CBXT-42-G_26Oct2021_Hot_CS656175421273BARI_side14.jpg,1043.906864
cropped_6558541-00CBXU-42-D_27Oct2021_Hot_CS656175421271AASS_side14.jpg,877.5584746
cropped_6558541-00CBXV-42-G_28Oct2021_Hot_CS656175421054AAOC_side14.jpg,724.4733898
cropped_6558541-00CBXW-42-G_29Oct2021_Hot_CS656175421054AARI_side14.jpg,1510.304576
cropped_6558541-00CBY1-42-D_01Nov2021_Hot_P1490076-00-CSD1321305SR1BGP0_side14.jpg,1272.912458
cropped_6558541-00CBY2-42-D_02Nov2021_Hot_P1490076-00-CSD1321306SR1AVE0_side14.jpg,1188.592712
cropped_6558541-00CBY3-42-D_03Nov2021_Hot_CS656175421286BAAI_side14.jpg,647.3384746
cropped_6558541-00CBY4-42-S_05Nov2021_Hot_CS656175421298BJQF_side14.jpg,666.2904237
cropped_6558541-00CBY6-42-D_06Nov2021_Hot_P1490076-00-CSD1321310SR1ACH0_side14.jpg,992.8878814
cropped_6558541-00CBY8-42-D_08Nov2021_Hot_P1490076-00-CSD1321312SR1BDL0_side14.jpg,883.0682203
cropped_6558541-00CBYA-42-D_10Nov2021_Hot_P1490076-00-CSD1321314SR1BIR0_side14.jpg,686.9933475
cropped_6558541-00CBYB-42-D_11Nov2021_Hot_P1490076-00-CSD1321315SR1BGH0_side14.jpg,1168.147203
cropped_6558541-00CBYC-42-D_12Nov2021_Hot_P1490076-00-CSD1321316SR1BPX0_side14.jpg,763.0173729
cropped_6558541-00CBYD-42-G_13Nov2021_Hot_CS656175421298BKDK_side14.jpg,1282.255085
cropped_6558541-00CBYH-42-S_18Nov2021_Hot_CS656175421299BDBX_side14.jpg,792.5084746
cropped_6558541-00CBYJ-42-G_18Nov2021_Hot_CS656175421306BAIX_side14.jpg,969.9269492
cropped_6558541-00CBYK-42-D_19Nov2021_Hot_P1490076-00-CSD1321323SR1BKE0_side14.jpg,1590.538305
cropped_6558541-00CBYL-42-S_21Nov2021_Hot_CS656175421312BBEH_side14.jpg,1036.696864
cropped_6558541-00CBYM-42-D_21Nov2021_Hot_CS656175421312BCFB_side14.jpg,1033.673051
cropped_6558541-00CBYN-42-D_22Nov2021_Hot_P1490076-00-CSD1321326SR1BIV0_side14.jpg,1351.275169
cropped_6558541-00CBYR-42-S_27Nov2021_Hot_CS656175421312BBOC_side14.jpg,536.2050847
cropped_6558541-00CBYW-42-G_29Nov2021_Hot_CS656175421312BCGG_side14.jpg,452.9883898
cropped_6558541-00CBZ1-42-S_01Dec2021_Hot_CS656175421287BADR_side14.jpg,571.0158475
cropped_6558541-00CBZ2-42-G_02Dec2021_Hot_CS656175421286BAWL_side14.jpg,616.3905085
cropped_6558541-00CBZ3-42-S_04Dec2021_Hot_CS656175421326BAQV_side14.jpg,1025.633644
cropped_6558541-00CBZ4-42-G_04Dec2021_Hot_CS656175421323BAQK_side14.jpg,562.1522034
cropped_6558541-00CBZ7-42-D_07Dec2021_Hot_CS656175421312BACO_side14.jpg,900.205678
cropped_6558541-00CBZ8-42-G_08Dec2021_Hot_CS656175421334BANN_side14.jpg,587.0679661
cropped_6558541-00CBZ9-42-G_09Dec2021_Hot_CS656175421334BCFR_side14.jpg,738.2072881
cropped_6558541-00CBZD-42-G_13Dec2021_Hot_CS656175421334BBYN_side14.jpg,1196.958475
cropped_6558541-00CBZG-423-D_16Dec2021_Hot_CS656175421333BAQI_side14.jpg,2108.523051
cropped_6558541-00CBZH-42-D_17Dec2021_Hot_P1490076-00-CSD1321351SR1AZE0_side14.jpg,495.785678
cropped_6558541-00CBZJ-42-G_18Dec2021_Hot_CS656175421334BCDX_side14.jpg,646.6687288
cropped_6558541-00CBZK-42-G_19Dec2021_Hot_CS656175421327BMNR_side14.jpg,2311.57
cropped_6558541-00CBZL-42-S_21Dec2021_Hot_CS656175421341BBAC_side14.jpg,756.7805085
cropped_6558541-00CBZM-42-G_21Dec2021_Hot_CS656175421340BAVN_side14.jpg,669.9397458
cropped_6558541-00CBZN-42-D_22Dec2021_Hot_P1490076-00-CSD1321356SR1BAJ0_side14.jpg,499.5845763
cropped_6558541-00CC15-42-D_05Jan2022_Hot_P1490076-00-CSD1322005SR1BUT0_side14.jpg,1456.785932
cropped_6558541-00CC16-42-S_06Jan2022_Hot_CS656175421348BAZT_side14.jpg,1106.755847
cropped_6558541-00CC17-42-G_07Jan2022_Hot_CS656175421347BAVR_side14.jpg,1003.230339
cropped_6558541-00CC18-42-S_09Jan2022_Hot_CS656175421348BBKQ_side14.jpg,714.1157627
cropped_6558541-00CC19-42-G_09Jan2022_Hot_CS656175421348BBGZ_side14.jpg,687.6128814
cropped_6558541_29Jul2021_Hot_B7M78901_side14.jpg,1143.301271
cropped_6558541_29Jul2021_Hot_B7M78902_side14.jpg,1141.200424
cropped_6558541_29Jul2021_Hot_B7M78903_side14.jpg,1172.66661
cropped_6558541_29Jul2021_Hot_B7M78904_side14.jpg,1285.699831
cropped_6558541_29Jul2021_Hot_B7M78905_side14.jpg,1889.582203
cropped_6558541_29Jul2021_Hot_B7M78906_side14.jpg,1514.984237
cropped_6558541_29Jul2021_Hot_B7M78907_side14.jpg,1231.829068
cropped_6558541_29Jul2021_Hot_B7M78908_side14.jpg,1131.943814
cropped_6558541_29Jul2021_Hot_B7M78909_side14.jpg,1381.082458
cropped_6558541_29Jul2021_Hot_B7M78910_side14.jpg,1337.250508
cropped_6558541-00CB7K-42-S_20Jul2021_Hot_CS656175421057AAQX_side16.jpg,1969.678092
cropped_6558541-00CB7M-42-D_21Jul2021_Hot_CS656175421057AACL_side16.jpg,763.2889541
cropped_6558541-00CB7M-42-G_21Jul2021_Hot_CS656175421056AAET_side16.jpg,1231.035009
cropped_6558541-00CB7N-42-D_22Jul2021_Hot_CS656175421060AAUJ_side16.jpg,678.8692844
cropped_6558541-00CB7N-42-G_22Jul2021_Hot_CS656175421056AAQE_side16.jpg,1093.810055
cropped_6558541-00CB7P-42-D_23Jul2021_Hot_P1490076-00-CSD1321203SR1BFG0_side16.jpg,1011.468771
cropped_6558541-00CB8G-42-G_16Aug2021_Hot_CS656175421063AAVI_side16.jpg,903.4968073
cropped_6558541-00CB8H-42-G_17Aug2021_Hot_CS656175421061AANA_side16.jpg,1074.106862
cropped_6558541-00CB8H-42-S_17Aug2021_Hot_CS656175421063AAZW_side16.jpg,1028.356477
cropped_6558541-00CB8J-42-G_18Aug2021_Hot_CS656175421061ABKS_side16.jpg,634.5678532
cropped_6558541-00CB8K-42-G_19Aug2021_Hot_CS656175421061ABPC_side16.jpg,1049.59633
cropped_6558541-00CB8L-42-D_20Aug2021_Hot_CS656175421054AATL_side16.jpg,1126.374532
cropped_6558541-00CB8L-42-G_20Aug2021_Hot_CS656175421049AALK_side16.jpg,632.8706789
cropped_6558541-00CB8P-42-D_23Aug2021_Hot_P1490076-00-CSD1321235SR1BCI0_side16.jpg,872.4811009
cropped_6558541-00CB8P-42-G_23Aug2021_Hot_CS656175421061ACBI_side16.jpg,654.1908257
cropped_6558541-00CB8R-42-G_24Aug2021_Hot_CS656175421063AALS_side16.jpg,1082.137028
cropped_6558541-00CB8S-42-D_25Aug2021_Hot_CS656175421064AAMV_side16.jpg,501.9840367
cropped_6558541-00CB8S-42-G_25Aug2021_Hot_CS656175421064AAII_side16.jpg,586.2323303
cropped_6558541-00CB8T-42-G_26Aug2021_Hot_CS656175421068AAWZ_side16.jpg,626.1656514
cropped_6558541-00CB8U-42-G_27Aug2021_Hot_CS656175421068AAMD_side16.jpg,622.8521835
cropped_6558541-00CB8X-42-G_30Aug2021_Hot_CS656175421068AAFC_side16.jpg,759.2124771
cropped_6558541-00CB8Y-42-G_31Aug2021_Hot_CS656175421069ABBO_side16.jpg,888.7606606
cropped_6558541-00CB91-42-G_01Sep2021_Hot_CS656175421069AAVF_side16.jpg,1053.495927
cropped_6558541-00CB92-42-G_02Sep2021_Hot_CS656175421069AAOQ_side16.jpg,1055.193688
cropped_6558541-00CB93-42-G_03Sep2021_Hot_CS656175421069AAAD_side16.jpg,935.4276697
cropped_6558541-00CB97-42-G_07Sep2021_Hot_CS656175421071AART_side16.jpg,979.117945
cropped_6558541-00CB99-42-G_09Sep2021_Hot_CS656175421071ABOM_side16.jpg,840.2175413
cropped_6558541-00CB9E-42-D_14Sep2021_Hot_CS656175421071AADU_side16.jpg,1325.607339
cropped_6558541-00CB9F-42-D_15Sep2021_Hot_CS656175421071ABON_side16.jpg,1277.227156
cropped_6558541-00CB9G-42-D_16Sep2021_Hot_CS656175421071AAGH_side16.jpg,1671.838826
cropped_6558541-00CB9H-42-D_17Sep2021_Hot_CS656175421076AAAT_side16.jpg,575.9140917
cropped_6558541-00CB9L-42-G_20Sep2021_Hot_CS656175421071ABDI_side16.jpg,934.6741284
cropped_6558541-00CB9N-42-G_22Sep2021_Hot_CS656175421071AAYU_side16.jpg,1116.623339
cropped_6558541-00CB9P-42-S_23Sep2021_Hot_CS656175421071ABAD_side16.jpg,1246.556917
cropped_6558541-00CB9R-42-D_24Sep2021_Hot_P1490076-00-CSD1321267SR1AUP0_side16.jpg,869.322055
cropped_6558541-00CB9R-42-G_24Sep2021_Hot_CS656175421076AAIP_side16.jpg,778.0996697
cropped_6558541-00CB9V-42-G_28Sep2021_Hot_CS656175421076ABBY_side16.jpg,1032.08778
cropped_6558541-00CB9W-42-G_29Sep2021_Hot_CS656175421076ABJO_side16.jpg,1188.015706
cropped_6558541-00CB9X-42-S_30Sep2021_Hot_CS656175421078AALP_side16.jpg,981.5669725
cropped_6558541-00CBX4-42-D_04Oct2021_Hot_CS656175421076ABEQ_side16.jpg,977.8805138
cropped_6558541-00CBXC-42-G_12Oct2021_Hot_CS656175421078AACE_side16.jpg,1255.433101
cropped_6558541-00CBXC-42-S_12Oct2021_Hot_CS656175421078ABBT_side16.jpg,1005.225982
cropped_6558541-00CBXD-42-G_13Oct2021_Hot_CS656175421078ABFL_side16.jpg,1184.494826
cropped_6558541-00CBXE-42-D_14Oct2021_Hot_CS656175421082AAOH_side16.jpg,1321.886385
cropped_6558541-00CBXF-42-G_15Oct2021_Hot_CS656175421083ABAV_side16.jpg,1345.20822
cropped_6558541-00CBXJ-42-G_18Oct2021_Hot_CS656175421078AAIO_side16.jpg,876.1917798
cropped_6558541-00CBXK-42-D_20Oct2021_Hot_P1490076-00-CSD1321292SR1BKP0_side16.jpg,888.5107523
cropped_6558541-00CBXL-42-D_20Oct2021_Hot_CS656175421273BATJ_side16.jpg,1110.928587
cropped_6558541-00CBXM-42-S_22Oct2021_Hot_P1490076-00-CSD1321294SR1CAR0_side16.jpg,1853.221578
cropped_6558541-00CBXN-42-S_23Oct2021_Hot_CS656175421273BAUG_side16.jpg,2154.152807
cropped_6558541-00CBXT-42-G_26Oct2021_Hot_CS656175421273BARI_side16.jpg,1057.595817
cropped_6558541-00CBXU-42-D_27Oct2021_Hot_CS656175421271AASS_side16.jpg,1074.958899
cropped_6558541-00CBXV-42-G_28Oct2021_Hot_CS656175421054AAOC_side16.jpg,899.7425321
cropped_6558541-00CBXW-42-G_29Oct2021_Hot_CS656175421054AARI_side16.jpg,1984.47589
cropped_6558541-00CBY1-42-D_01Nov2021_Hot_P1490076-00-CSD1321305SR1BGP0_side16.jpg,1073.277651
cropped_6558541-00CBY2-42-D_02Nov2021_Hot_P1490076-00-CSD1321306SR1AVE0_side16.jpg,1162.200514
cropped_6558541-00CBY3-42-D_03Nov2021_Hot_CS656175421286BAAI_side16.jpg,707.6642936
cropped_6558541-00CBY4-42-S_05Nov2021_Hot_CS656175421298BJQF_side16.jpg,636.8220917
cropped_6558541-00CBY6-42-D_06Nov2021_Hot_P1490076-00-CSD1321310SR1ACH0_side16.jpg,1286.911119
cropped_6558541-00CBY8-42-D_08Nov2021_Hot_P1490076-00-CSD1321312SR1BDL0_side16.jpg,928.4065321
cropped_6558541-00CBYA-42-D_10Nov2021_Hot_P1490076-00-CSD1321314SR1BIR0_side16.jpg,758.3112661
cropped_6558541-00CBYB-42-D_11Nov2021_Hot_P1490076-00-CSD1321315SR1BGH0_side16.jpg,1069.884844
cropped_6558541-00CBYC-42-D_12Nov2021_Hot_P1490076-00-CSD1321316SR1BPX0_side16.jpg,801.5486239
cropped_6558541-00CBYD-42-G_13Nov2021_Hot_CS656175421298BKDK_side16.jpg,1245.692624
cropped_6558541-00CBYH-42-S_18Nov2021_Hot_CS656175421299BDBX_side16.jpg,914.8274495
cropped_6558541-00CBYJ-42-G_18Nov2021_Hot_CS656175421306BAIX_side16.jpg,977.4318532
cropped_6558541-00CBYK-42-D_19Nov2021_Hot_P1490076-00-CSD1321323SR1BKE0_side16.jpg,1940.289028
cropped_6558541-00CBYL-42-S_21Nov2021_Hot_CS656175421312BBEH_side16.jpg,1279.46833
cropped_6558541-00CBYM-42-D_21Nov2021_Hot_CS656175421312BCFB_side16.jpg,1045.782752
cropped_6558541-00CBYN-42-D_22Nov2021_Hot_P1490076-00-CSD1321326SR1BIV0_side16.jpg,1648.835229
cropped_6558541-00CBYR-42-S_27Nov2021_Hot_CS656175421312BBOC_side16.jpg,561.5594495
cropped_6558541-00CBYW-42-G_29Nov2021_Hot_CS656175421312BCGG_side16.jpg,455.850422
cropped_6558541-00CBZ1-42-S_01Dec2021_Hot_CS656175421287BADR_side16.jpg,670.8050642
cropped_6558541-00CBZ2-42-G_02Dec2021_Hot_CS656175421286BAWL_side16.jpg,787.4162202
cropped_6558541-00CBZ3-42-S_04Dec2021_Hot_CS656175421326BAQV_side16.jpg,961.2995963
cropped_6558541-00CBZ4-42-G_04Dec2021_Hot_CS656175421323BAQK_side16.jpg,697.7749725
cropped_6558541-00CBZ7-42-D_07Dec2021_Hot_CS656175421312BACO_side16.jpg,1267.052624
cropped_6558541-00CBZ8-42-G_08Dec2021_Hot_CS656175421334BANN_side16.jpg,568.5549358
cropped_6558541-00CBZ9-42-G_09Dec2021_Hot_CS656175421334BCFR_side16.jpg,1179.534165
cropped_6558541-00CBZD-42-G_13Dec2021_Hot_CS656175421334BBYN_side16.jpg,1146.37233
cropped_6558541-00CBZG-423-D_16Dec2021_Hot_CS656175421333BAQI_side16.jpg,2543.184147
cropped_6558541-00CBZH-42-D_17Dec2021_Hot_P1490076-00-CSD1321351SR1AZE0_side16.jpg,521.073945
cropped_6558541-00CBZJ-42-G_18Dec2021_Hot_CS656175421334BCDX_side16.jpg,690.5879633
cropped_6558541-00CBZK-42-G_19Dec2021_Hot_CS656175421327BMNR_side16.jpg,2445.317872
cropped_6558541-00CBZL-42-S_21Dec2021_Hot_CS656175421341BBAC_side16.jpg,1162.263633
cropped_6558541-00CBZM-42-G_21Dec2021_Hot_CS656175421340BAVN_side16.jpg,966.1183119
cropped_6558541-00CBZN-42-D_22Dec2021_Hot_P1490076-00-CSD1321356SR1BAJ0_side16.jpg,599.66
cropped_6558541-00CC15-42-D_05Jan2022_Hot_P1490076-00-CSD1322005SR1BUT0_side16.jpg,1184.819303
cropped_6558541-00CC16-42-S_06Jan2022_Hot_CS656175421348BAZT_side16.jpg,1151.196183
cropped_6558541-00CC17-42-G_07Jan2022_Hot_CS656175421347BAVR_side16.jpg,1108.497321
cropped_6558541-00CC18-42-S_09Jan2022_Hot_CS656175421348BBKQ_side16.jpg,656.8966606
cropped_6558541-00CC19-42-G_09Jan2022_Hot_CS656175421348BBGZ_side16.jpg,648.1225688
cropped_6558541_29Jul2021_Hot_B7M78901_side16.jpg,1045.793028
cropped_6558541_29Jul2021_Hot_B7M78902_side16.jpg,1126.871046
cropped_6558541_29Jul2021_Hot_B7M78903_side16.jpg,1007.885064
cropped_6558541_29Jul2021_Hot_B7M78904_side16.jpg,1004.316771
cropped_6558541_29Jul2021_Hot_B7M78905_side16.jpg,2093.183853
cropped_6558541_29Jul2021_Hot_B7M78906_side16.jpg,1549.845138
cropped_6558541_29Jul2021_Hot_B7M78907_side16.jpg,1113.388917
cropped_6558541_29Jul2021_Hot_B7M78908_side16.jpg,964.3042202
cropped_6558541_29Jul2021_Hot_B7M78909_side16.jpg,1163.441468
cropped_6558541_29Jul2021_Hot_B7M78910_side16.jpg,1215.561028
cropped_6558541-00CB7K-42-S_20Jul2021_Hot_CS656175421057AAQX_side18.jpg,2241.443369
cropped_6558541-00CB7M-42-D_21Jul2021_Hot_CS656175421057AACL_side18.jpg,829.6256118
cropped_6558541-00CB7M-42-G_21Jul2021_Hot_CS656175421056AAET_side18.jpg,1341.87251
cropped_6558541-00CB7N-42-D_22Jul2021_Hot_CS656175421060AAUJ_side18.jpg,761.3103586
cropped_6558541-00CB7N-42-G_22Jul2021_Hot_CS656175421056AAQE_side18.jpg,1004.337166
cropped_6558541-00CB7P-42-D_23Jul2021_Hot_P1490076-00-CSD1321203SR1BFG0_side18.jpg,880.1033011
cropped_6558541-00CB8G-42-G_16Aug2021_Hot_CS656175421063AAVI_side18.jpg,792.5707456
cropped_6558541-00CB8H-42-G_17Aug2021_Hot_CS656175421061AANA_side18.jpg,1108.658623
cropped_6558541-00CB8H-42-S_17Aug2021_Hot_CS656175421063AAZW_side18.jpg,1030.71679
cropped_6558541-00CB8J-42-G_18Aug2021_Hot_CS656175421061ABKS_side18.jpg,917.208708
cropped_6558541-00CB8K-42-G_19Aug2021_Hot_CS656175421061ABPC_side18.jpg,1025.288902
cropped_6558541-00CB8L-42-D_20Aug2021_Hot_CS656175421054AATL_side18.jpg,1164.485487
cropped_6558541-00CB8L-42-G_20Aug2021_Hot_CS656175421049AALK_side18.jpg,716.7750711
cropped_6558541-00CB8P-42-D_23Aug2021_Hot_P1490076-00-CSD1321235SR1BCI0_side18.jpg,1183.057484
cropped_6558541-00CB8P-42-G_23Aug2021_Hot_CS656175421061ACBI_side18.jpg,706.8915766
cropped_6558541-00CB8R-42-G_24Aug2021_Hot_CS656175421063AALS_side18.jpg,1178.783495
cropped_6558541-00CB8S-42-D_25Aug2021_Hot_CS656175421064AAMV_side18.jpg,584.0869095
cropped_6558541-00CB8S-42-G_25Aug2021_Hot_CS656175421064AAII_side18.jpg,659.7352874
cropped_6558541-00CB8T-42-G_26Aug2021_Hot_CS656175421068AAWZ_side18.jpg,697.1565168
cropped_6558541-00CB8U-42-G_27Aug2021_Hot_CS656175421068AAMD_side18.jpg,721.1306773
cropped_6558541-00CB8X-42-G_30Aug2021_Hot_CS656175421068AAFC_side18.jpg,872.698634
cropped_6558541-00CB8Y-42-G_31Aug2021_Hot_CS656175421069ABBO_side18.jpg,1210.197268
cropped_6558541-00CB91-42-G_01Sep2021_Hot_CS656175421069AAVF_side18.jpg,1154.799772
cropped_6558541-00CB92-42-G_02Sep2021_Hot_CS656175421069AAOQ_side18.jpg,999.387251
cropped_6558541-00CB93-42-G_03Sep2021_Hot_CS656175421069AAAD_side18.jpg,1136.792373
cropped_6558541-00CB97-42-G_07Sep2021_Hot_CS656175421071AART_side18.jpg,1049.015709
cropped_6558541-00CB99-42-G_09Sep2021_Hot_CS656175421071ABOM_side18.jpg,1035.564371
cropped_6558541-00CB9E-42-D_14Sep2021_Hot_CS656175421071AADU_side18.jpg,1483.857826
cropped_6558541-00CB9F-42-D_15Sep2021_Hot_CS656175421071ABON_side18.jpg,1450.445874
cropped_6558541-00CB9G-42-D_16Sep2021_Hot_CS656175421071AAGH_side18.jpg,2105.295162
cropped_6558541-00CB9H-42-D_17Sep2021_Hot_CS656175421076AAAT_side18.jpg,751.2257826
cropped_6558541-00CB9L-42-G_20Sep2021_Hot_CS656175421071ABDI_side18.jpg,1043.356175
cropped_6558541-00CB9N-42-G_22Sep2021_Hot_CS656175421071AAYU_side18.jpg,1076.110757
cropped_6558541-00CB9P-42-S_23Sep2021_Hot_CS656175421071ABAD_side18.jpg,1047.688788
cropped_6558541-00CB9R-42-D_24Sep2021_Hot_P1490076-00-CSD1321267SR1AUP0_side18.jpg,1155.5358
cropped_6558541-00CB9R-42-G_24Sep2021_Hot_CS656175421076AAIP_side18.jpg,810.903358
cropped_6558541-00CB9V-42-G_28Sep2021_Hot_CS656175421076ABBY_side18.jpg,1187.665794
cropped_6558541-00CB9W-42-G_29Sep2021_Hot_CS656175421076ABJO_side18.jpg,1057.668981
cropped_6558541-00CB9X-42-S_30Sep2021_Hot_CS656175421078AALP_side18.jpg,945.9954468
cropped_6558541-00CBX4-42-D_04Oct2021_Hot_CS656175421076ABEQ_side18.jpg,989.0384747
cropped_6558541-00CBXC-42-G_12Oct2021_Hot_CS656175421078AACE_side18.jpg,1261.069778
cropped_6558541-00CBXC-42-S_12Oct2021_Hot_CS656175421078ABBT_side18.jpg,1314.479909
cropped_6558541-00CBXD-42-G_13Oct2021_Hot_CS656175421078ABFL_side18.jpg,1119.346727
cropped_6558541-00CBXE-42-D_14Oct2021_Hot_CS656175421082AAOH_side18.jpg,1119.130905
cropped_6558541-00CBXF-42-G_15Oct2021_Hot_CS656175421083ABAV_side18.jpg,1283.154126
cropped_6558541-00CBXJ-42-G_18Oct2021_Hot_CS656175421078AAIO_side18.jpg,920.7266932
cropped_6558541-00CBXK-42-D_20Oct2021_Hot_P1490076-00-CSD1321292SR1BKP0_side18.jpg,854.8834946
cropped_6558541-00CBXL-42-D_20Oct2021_Hot_CS656175421273BATJ_side18.jpg,1013.109391
cropped_6558541-00CBXM-42-S_22Oct2021_Hot_P1490076-00-CSD1321294SR1CAR0_side18.jpg,2254.043028
cropped_6558541-00CBXN-42-S_23Oct2021_Hot_CS656175421273BAUG_side18.jpg,2248.053956
cropped_6558541-00CBXT-42-G_26Oct2021_Hot_CS656175421273BARI_side18.jpg,1286.724644
cropped_6558541-00CBXU-42-D_27Oct2021_Hot_CS656175421271AASS_side18.jpg,1143.927035
cropped_6558541-00CBXV-42-G_28Oct2021_Hot_CS656175421054AAOC_side18.jpg,962.9027888
cropped_6558541-00CBXW-42-G_29Oct2021_Hot_CS656175421054AARI_side18.jpg,2392.099032
cropped_6558541-00CBY1-42-D_01Nov2021_Hot_P1490076-00-CSD1321305SR1BGP0_side18.jpg,1094.858054
cropped_6558541-00CBY2-42-D_02Nov2021_Hot_P1490076-00-CSD1321306SR1AVE0_side18.jpg,1217.595788
cropped_6558541-00CBY3-42-D_03Nov2021_Hot_CS656175421286BAAI_side18.jpg,738.0518497
cropped_6558541-00CBY4-42-S_05Nov2021_Hot_CS656175421298BJQF_side18.jpg,697.9223677
cropped_6558541-00CBY6-42-D_06Nov2021_Hot_P1490076-00-CSD1321310SR1ACH0_side18.jpg,877.3804781
cropped_6558541-00CBY8-42-D_08Nov2021_Hot_P1490076-00-CSD1321312SR1BDL0_side18.jpg,891.0863973
cropped_6558541-00CBYA-42-D_10Nov2021_Hot_P1490076-00-CSD1321314SR1BIR0_side18.jpg,847.1885031
cropped_6558541-00CBYB-42-D_11Nov2021_Hot_P1490076-00-CSD1321315SR1BGH0_side18.jpg,1141.006944
cropped_6558541-00CBYC-42-D_12Nov2021_Hot_P1490076-00-CSD1321316SR1BPX0_side18.jpg,769.7378486
cropped_6558541-00CBYD-42-G_13Nov2021_Hot_CS656175421298BKDK_side18.jpg,1170.695162
cropped_6558541-00CBYH-42-S_18Nov2021_Hot_CS656175421299BDBX_side18.jpg,881.2454183
cropped_6558541-00CBYJ-42-G_18Nov2021_Hot_CS656175421306BAIX_side18.jpg,922.2133751
cropped_6558541-00CBYK-42-D_19Nov2021_Hot_P1490076-00-CSD1321323SR1BKE0_side18.jpg,1828.545248
cropped_6558541-00CBYL-42-S_21Nov2021_Hot_CS656175421312BBEH_side18.jpg,1551.564143
cropped_6558541-00CBYM-42-D_21Nov2021_Hot_CS656175421312BCFB_side18.jpg,1069.834832
cropped_6558541-00CBYN-42-D_22Nov2021_Hot_P1490076-00-CSD1321326SR1BIV0_side18.jpg,1563.239044
cropped_6558541-00CBYR-42-S_27Nov2021_Hot_CS656175421312BBOC_side18.jpg,746.5742743
cropped_6558541-00CBYW-42-G_29Nov2021_Hot_CS656175421312BCGG_side18.jpg,565.5248719
cropped_6558541-00CBZ1-42-S_01Dec2021_Hot_CS656175421287BADR_side18.jpg,957.9549232
cropped_6558541-00CBZ2-42-G_02Dec2021_Hot_CS656175421286BAWL_side18.jpg,851.5862834
cropped_6558541-00CBZ3-42-S_04Dec2021_Hot_CS656175421326BAQV_side18.jpg,1133.155037
cropped_6558541-00CBZ4-42-G_04Dec2021_Hot_CS656175421323BAQK_side18.jpg,660.6853159
cropped_6558541-00CBZ7-42-D_07Dec2021_Hot_CS656175421312BACO_side18.jpg,973.7239613
cropped_6558541-00CBZ8-42-G_08Dec2021_Hot_CS656175421334BANN_side18.jpg,665.4335231
cropped_6558541-00CBZ9-42-G_09Dec2021_Hot_CS656175421334BCFR_side18.jpg,1339.072738
cropped_6558541-00CBZD-42-G_13Dec2021_Hot_CS656175421334BBYN_side18.jpg,1071.763574
cropped_6558541-00CBZG-423-D_16Dec2021_Hot_CS656175421333BAQI_side18.jpg,2818.532271
cropped_6558541-00CBZH-42-D_17Dec2021_Hot_P1490076-00-CSD1321351SR1AZE0_side18.jpg,623.130905
cropped_6558541-00CBZJ-42-G_18Dec2021_Hot_CS656175421334BCDX_side18.jpg,637.181218
cropped_6558541-00CBZK-42-G_19Dec2021_Hot_CS656175421327BMNR_side18.jpg,2295.178828
cropped_6558541-00CBZL-42-S_21Dec2021_Hot_CS656175421341BBAC_side18.jpg,1270.833808
cropped_6558541-00CBZM-42-G_21Dec2021_Hot_CS656175421340BAVN_side18.jpg,1088.656346
cropped_6558541-00CBZN-42-D_22Dec2021_Hot_P1490076-00-CSD1321356SR1BAJ0_side18.jpg,628.9368241
cropped_6558541-00CC15-42-D_05Jan2022_Hot_P1490076-00-CSD1322005SR1BUT0_side18.jpg,1230.839385
cropped_6558541-00CC16-42-S_06Jan2022_Hot_CS656175421348BAZT_side18.jpg,1355.198976
cropped_6558541-00CC17-42-G_07Jan2022_Hot_CS656175421347BAVR_side18.jpg,1240.985316
cropped_6558541-00CC18-42-S_09Jan2022_Hot_CS656175421348BBKQ_side18.jpg,686.5875356
cropped_6558541-00CC19-42-G_09Jan2022_Hot_CS656175421348BBGZ_side18.jpg,724.0513944
cropped_6558541_29Jul2021_Hot_B7M78901_side18.jpg,1055.449516
cropped_6558541_29Jul2021_Hot_B7M78902_side18.jpg,1131.729539
cropped_6558541_29Jul2021_Hot_B7M78903_side18.jpg,956.2495162
cropped_6558541_29Jul2021_Hot_B7M78904_side18.jpg,1011.795333
cropped_6558541_29Jul2021_Hot_B7M78905_side18.jpg,2063.455208
cropped_6558541_29Jul2021_Hot_B7M78906_side18.jpg,1604.851679
cropped_6558541_29Jul2021_Hot_B7M78907_side18.jpg,996.1763233
cropped_6558541_29Jul2021_Hot_B7M78908_side18.jpg,1034.903358
cropped_6558541_29Jul2021_Hot_B7M78909_side18.jpg,1406.784633
cropped_6558541_29Jul2021_Hot_B7M78910_side18.jpg,1177.186113
cropped_6558541-00CB7K-42-S_20Jul2021_Hot_CS656175421057AAQX_side20.jpg,2461.994744
cropped_6558541-00CB7M-42-D_21Jul2021_Hot_CS656175421057AACL_side20.jpg,792.4216861
cropped_6558541-00CB7M-42-G_21Jul2021_Hot_CS656175421056AAET_side20.jpg,1073.622201
cropped_6558541-00CB7N-42-D_22Jul2021_Hot_CS656175421060AAUJ_side20.jpg,706.2090297
cropped_6558541-00CB7N-42-G_22Jul2021_Hot_CS656175421056AAQE_side20.jpg,985.6059077
cropped_6558541-00CB7P-42-D_23Jul2021_Hot_P1490076-00-CSD1321203SR1BFG0_side20.jpg,811.2311048
cropped_6558541-00CB8G-42-G_16Aug2021_Hot_CS656175421063AAVI_side20.jpg,728.7778829
cropped_6558541-00CB8H-42-G_17Aug2021_Hot_CS656175421061AANA_side20.jpg,1085.513613
cropped_6558541-00CB8H-42-S_17Aug2021_Hot_CS656175421063AAZW_side20.jpg,1112.394408
cropped_6558541-00CB8J-42-G_18Aug2021_Hot_CS656175421061ABKS_side20.jpg,758.4992116
cropped_6558541-00CB8K-42-G_19Aug2021_Hot_CS656175421061ABPC_side20.jpg,678.5060969
cropped_6558541-00CB8L-42-D_20Aug2021_Hot_CS656175421054AATL_side20.jpg,1032.395984
cropped_6558541-00CB8L-42-G_20Aug2021_Hot_CS656175421049AALK_side20.jpg,653.1102702
cropped_6558541-00CB8P-42-D_23Aug2021_Hot_P1490076-00-CSD1321235SR1BCI0_side20.jpg,1075.986334
cropped_6558541-00CB8P-42-G_23Aug2021_Hot_CS656175421061ACBI_side20.jpg,752.712341
cropped_6558541-00CB8R-42-G_24Aug2021_Hot_CS656175421063AALS_side20.jpg,792.4350363
cropped_6558541-00CB8S-42-D_25Aug2021_Hot_CS656175421064AAMV_side20.jpg,509.7529696
cropped_6558541-00CB8S-42-G_25Aug2021_Hot_CS656175421064AAII_side20.jpg,591.5085672
cropped_6558541-00CB8T-42-G_26Aug2021_Hot_CS656175421068AAWZ_side20.jpg,794.5601808
cropped_6558541-00CB8U-42-G_27Aug2021_Hot_CS656175421068AAMD_side20.jpg,712.1582046
cropped_6558541-00CB8X-42-G_30Aug2021_Hot_CS656175421068AAFC_side20.jpg,849.1565227
cropped_6558541-00CB8Y-42-G_31Aug2021_Hot_CS656175421069ABBO_side20.jpg,1009.086723
cropped_6558541-00CB91-42-G_01Sep2021_Hot_CS656175421069AAVF_side20.jpg,1038.47125
cropped_6558541-00CB92-42-G_02Sep2021_Hot_CS656175421069AAOQ_side20.jpg,817.9147482
cropped_6558541-00CB93-42-G_03Sep2021_Hot_CS656175421069AAAD_side20.jpg,1144.359193
cropped_6558541-00CB97-42-G_07Sep2021_Hot_CS656175421071AART_side20.jpg,921.7346789
cropped_6558541-00CB99-42-G_09Sep2021_Hot_CS656175421071ABOM_side20.jpg,1191.166299
cropped_6558541-00CB9E-42-D_14Sep2021_Hot_CS656175421071AADU_side20.jpg,1276.769684
cropped_6558541-00CB9F-42-D_15Sep2021_Hot_CS656175421071ABON_side20.jpg,1583.493325
cropped_6558541-00CB9G-42-D_16Sep2021_Hot_CS656175421071AAGH_side20.jpg,2284.232103
cropped_6558541-00CB9H-42-D_17Sep2021_Hot_CS656175421076AAAT_side20.jpg,720.5078839
cropped_6558541-00CB9L-42-G_20Sep2021_Hot_CS656175421071ABDI_side20.jpg,878.9253127
cropped_6558541-00CB9N-42-G_22Sep2021_Hot_CS656175421071AAYU_side20.jpg,818.2472932
cropped_6558541-00CB9P-42-S_23Sep2021_Hot_CS656175421071ABAD_side20.jpg,1181.689478
cropped_6558541-00CB9R-42-D_24Sep2021_Hot_P1490076-00-CSD1321267SR1AUP0_side20.jpg,718.591191
cropped_6558541-00CB9R-42-G_24Sep2021_Hot_CS656175421076AAIP_side20.jpg,827.0505624
cropped_6558541-00CB9V-42-G_28Sep2021_Hot_CS656175421076ABBY_side20.jpg,1100.773993
cropped_6558541-00CB9W-42-G_29Sep2021_Hot_CS656175421076ABJO_side20.jpg,1143.675812
cropped_6558541-00CB9X-42-S_30Sep2021_Hot_CS656175421078AALP_side20.jpg,830.4519079
cropped_6558541-00CBX4-42-D_04Oct2021_Hot_CS656175421076ABEQ_side20.jpg,881.6776516
cropped_6558541-00CBXC-42-G_12Oct2021_Hot_CS656175421078AACE_side20.jpg,988.0207085
cropped_6558541-00CBXC-42-S_12Oct2021_Hot_CS656175421078ABBT_side20.jpg,1418.620204
cropped_6558541-00CBXD-42-G_13Oct2021_Hot_CS656175421078ABFL_side20.jpg,1036.17208
cropped_6558541-00CBXE-42-D_14Oct2021_Hot_CS656175421082AAOH_side20.jpg,914.0521392
cropped_6558541-00CBXF-42-G_15Oct2021_Hot_CS656175421083ABAV_side20.jpg,1118.254914
cropped_6558541-00CBXJ-42-G_18Oct2021_Hot_CS656175421078AAIO_side20.jpg,950.060759
cropped_6558541-00CBXK-42-D_20Oct2021_Hot_P1490076-00-CSD1321292SR1BKP0_side20.jpg,671.2527068
cropped_6558541-00CBXL-42-D_20Oct2021_Hot_CS656175421273BATJ_side20.jpg,1113.701251
cropped_6558541-00CBXM-42-S_22Oct2021_Hot_P1490076-00-CSD1321294SR1CAR0_side20.jpg,1879.756754
cropped_6558541-00CBXN-42-S_23Oct2021_Hot_CS656175421273BAUG_side20.jpg,2191.037948
cropped_6558541-00CBXT-42-G_26Oct2021_Hot_CS656175421273BARI_side20.jpg,1208.319773
cropped_6558541-00CBXU-42-D_27Oct2021_Hot_CS656175421271AASS_side20.jpg,1159.830337
cropped_6558541-00CBXV-42-G_28Oct2021_Hot_CS656175421054AAOC_side20.jpg,813.7834017
cropped_6558541-00CBXW-42-G_29Oct2021_Hot_CS656175421054AARI_side20.jpg,2448.945023
cropped_6558541-00CBY1-42-D_01Nov2021_Hot_P1490076-00-CSD1321305SR1BGP0_side20.jpg,920.8169873
cropped_6558541-00CBY2-42-D_02Nov2021_Hot_P1490076-00-CSD1321306SR1AVE0_side20.jpg,1065.594765
cropped_6558541-00CBY3-42-D_03Nov2021_Hot_CS656175421286BAAI_side20.jpg,643.4084411
cropped_6558541-00CBY4-42-S_05Nov2021_Hot_CS656175421298BJQF_side20.jpg,667.6469042
cropped_6558541-00CBY6-42-D_06Nov2021_Hot_P1490076-00-CSD1321310SR1ACH0_side20.jpg,761.8354357
cropped_6558541-00CBY8-42-D_08Nov2021_Hot_P1490076-00-CSD1321312SR1BDL0_side20.jpg,935.0295385
cropped_6558541-00CBYA-42-D_10Nov2021_Hot_P1490076-00-CSD1321314SR1BIR0_side20.jpg,865.3661306
cropped_6558541-00CBYB-42-D_11Nov2021_Hot_P1490076-00-CSD1321315SR1BGH0_side20.jpg,1310.166089
cropped_6558541-00CBYC-42-D_12Nov2021_Hot_P1490076-00-CSD1321316SR1BPX0_side20.jpg,790.7461894
cropped_6558541-00CBYD-42-G_13Nov2021_Hot_CS656175421298BKDK_side20.jpg,856.9120677
cropped_6558541-00CBYH-42-S_18Nov2021_Hot_CS656175421299BDBX_side20.jpg,679.9569011
cropped_6558541-00CBYJ-42-G_18Nov2021_Hot_CS656175421306BAIX_side20.jpg,719.5219174
cropped_6558541-00CBYK-42-D_19Nov2021_Hot_P1490076-00-CSD1321323SR1BKE0_side20.jpg,1615.867339
cropped_6558541-00CBYL-42-S_21Nov2021_Hot_CS656175421312BBEH_side20.jpg,1588.914853
cropped_6558541-00CBYM-42-D_21Nov2021_Hot_CS656175421312BCFB_side20.jpg,974.8815305
cropped_6558541-00CBYN-42-D_22Nov2021_Hot_P1490076-00-CSD1321326SR1BIV0_side20.jpg,1539.125828
cropped_6558541-00CBYR-42-S_27Nov2021_Hot_CS656175421312BBOC_side20.jpg,893.8456849
cropped_6558541-00CBYW-42-G_29Nov2021_Hot_CS656175421312BCGG_side20.jpg,644.262588
cropped_6558541-00CBZ1-42-S_01Dec2021_Hot_CS656175421287BADR_side20.jpg,710.7173342
cropped_6558541-00CBZ2-42-G_02Dec2021_Hot_CS656175421286BAWL_side20.jpg,890.2121308
cropped_6558541-00CBZ3-42-S_04Dec2021_Hot_CS656175421326BAQV_side20.jpg,1045.526227
cropped_6558541-00CBZ4-42-G_04Dec2021_Hot_CS656175421323BAQK_side20.jpg,618.4432356
cropped_6558541-00CBZ7-42-D_07Dec2021_Hot_CS656175421312BACO_side20.jpg,1004.618627
cropped_6558541-00CBZ8-42-G_08Dec2021_Hot_CS656175421334BANN_side20.jpg,600.1705035
cropped_6558541-00CBZ9-42-G_09Dec2021_Hot_CS656175421334BCFR_side20.jpg,1032.292442
cropped_6558541-00CBZD-42-G_13Dec2021_Hot_CS656175421334BBYN_side20.jpg,911.1606223
cropped_6558541-00CBZG-423-D_16Dec2021_Hot_CS656175421333BAQI_side20.jpg,2872.471775
cropped_6558541-00CBZH-42-D_17Dec2021_Hot_P1490076-00-CSD1321351SR1AZE0_side20.jpg,643.9617891
cropped_6558541-00CBZJ-42-G_18Dec2021_Hot_CS656175421334BCDX_side20.jpg,773.0783139
cropped_6558541-00CBZK-42-G_19Dec2021_Hot_CS656175421327BMNR_side20.jpg,2619.50678
cropped_6558541-00CBZL-42-S_21Dec2021_Hot_CS656175421341BBAC_side20.jpg,1282.917271
cropped_6558541-00CBZM-42-G_21Dec2021_Hot_CS656175421340BAVN_side20.jpg,824.1594134
cropped_6558541-00CBZN-42-D_22Dec2021_Hot_P1490076-00-CSD1321356SR1BAJ0_side20.jpg,638.1721854
cropped_6558541-00CC15-42-D_05Jan2022_Hot_P1490076-00-CSD1322005SR1BUT0_side20.jpg,1241.864396
cropped_6558541-00CC16-42-S_06Jan2022_Hot_CS656175421348BAZT_side20.jpg,1335.379691
cropped_6558541-00CC17-42-G_07Jan2022_Hot_CS656175421347BAVR_side20.jpg,1103.391569
cropped_6558541-00CC18-42-S_09Jan2022_Hot_CS656175421348BBKQ_side20.jpg,614.4041312
cropped_6558541-00CC19-42-G_09Jan2022_Hot_CS656175421348BBGZ_side20.jpg,659.5320088
cropped_6558541_29Jul2021_Hot_B7M78901_side20.jpg,957.1267739
cropped_6558541_29Jul2021_Hot_B7M78902_side20.jpg,989.0741091
cropped_6558541_29Jul2021_Hot_B7M78903_side20.jpg,940.9205298
cropped_6558541_29Jul2021_Hot_B7M78904_side20.jpg,995.2143383
cropped_6558541_29Jul2021_Hot_B7M78905_side20.jpg,2184.485441
cropped_6558541_29Jul2021_Hot_B7M78906_side20.jpg,1472.29507
cropped_6558541_29Jul2021_Hot_B7M78907_side20.jpg,1071.003469
cropped_6558541_29Jul2021_Hot_B7M78908_side20.jpg,1050.705456
cropped_6558541_29Jul2021_Hot_B7M78909_side20.jpg,1249.071481
cropped_6558541_29Jul2021_Hot_B7M78910_side20.jpg,964.2413539
cropped_6558541-00CB7K-42-S_20Jul2021_Hot_CS656175421057AAQX_side22.jpg,2325.335848
cropped_6558541-00CB7M-42-D_21Jul2021_Hot_CS656175421057AACL_side22.jpg,909.6700405
cropped_6558541-00CB7M-42-G_21Jul2021_Hot_CS656175421056AAET_side22.jpg,807.5220832
cropped_6558541-00CB7N-42-D_22Jul2021_Hot_CS656175421060AAUJ_side22.jpg,770.9627346
cropped_6558541-00CB7N-42-G_22Jul2021_Hot_CS656175421056AAQE_side22.jpg,913.6476813
cropped_6558541-00CB7P-42-D_23Jul2021_Hot_P1490076-00-CSD1321203SR1BFG0_side22.jpg,698.0156883
cropped_6558541-00CB8G-42-G_16Aug2021_Hot_CS656175421063AAVI_side22.jpg,713.5104435
cropped_6558541-00CB8H-42-G_17Aug2021_Hot_CS656175421061AANA_side22.jpg,855.9395473
cropped_6558541-00CB8H-42-S_17Aug2021_Hot_CS656175421063AAZW_side22.jpg,904.7886456
cropped_6558541-00CB8J-42-G_18Aug2021_Hot_CS656175421061ABKS_side22.jpg,772.7536805
cropped_6558541-00CB8K-42-G_19Aug2021_Hot_CS656175421061ABPC_side22.jpg,573.5583824
cropped_6558541-00CB8L-42-D_20Aug2021_Hot_CS656175421054AATL_side22.jpg,1049.093485
cropped_6558541-00CB8L-42-G_20Aug2021_Hot_CS656175421049AALK_side22.jpg,523.1414244
cropped_6558541-00CB8P-42-D_23Aug2021_Hot_P1490076-00-CSD1321235SR1BCI0_side22.jpg,1118.453809
cropped_6558541-00CB8P-42-G_23Aug2021_Hot_CS656175421061ACBI_side22.jpg,507.2822967
cropped_6558541-00CB8R-42-G_24Aug2021_Hot_CS656175421063AALS_side22.jpg,783.2971108
cropped_6558541-00CB8S-42-D_25Aug2021_Hot_CS656175421064AAMV_side22.jpg,508.2851031
cropped_6558541-00CB8S-42-G_25Aug2021_Hot_CS656175421064AAII_side22.jpg,497.882269
cropped_6558541-00CB8T-42-G_26Aug2021_Hot_CS656175421068AAWZ_side22.jpg,641.4010397
cropped_6558541-00CB8U-42-G_27Aug2021_Hot_CS656175421068AAMD_side22.jpg,556.0459606
cropped_6558541-00CB8X-42-G_30Aug2021_Hot_CS656175421068AAFC_side22.jpg,780.576371
cropped_6558541-00CB8Y-42-G_31Aug2021_Hot_CS656175421069ABBO_side22.jpg,918.0057048
cropped_6558541-00CB91-42-G_01Sep2021_Hot_CS656175421069AAVF_side22.jpg,877.6441848
cropped_6558541-00CB92-42-G_02Sep2021_Hot_CS656175421069AAOQ_side22.jpg,819.4110232
cropped_6558541-00CB93-42-G_03Sep2021_Hot_CS656175421069AAAD_side22.jpg,1153.35968
cropped_6558541-00CB97-42-G_07Sep2021_Hot_CS656175421071AART_side22.jpg,851.3732978
cropped_6558541-00CB99-42-G_09Sep2021_Hot_CS656175421071ABOM_side22.jpg,1068.602319
cropped_6558541-00CB9E-42-D_14Sep2021_Hot_CS656175421071AADU_side22.jpg,1244.284597
cropped_6558541-00CB9F-42-D_15Sep2021_Hot_CS656175421071ABON_side22.jpg,1688.384063
cropped_6558541-00CB9G-42-D_16Sep2021_Hot_CS656175421071AAGH_side22.jpg,2321.295179
cropped_6558541-00CB9H-42-D_17Sep2021_Hot_CS656175421076AAAT_side22.jpg,685.0074071
cropped_6558541-00CB9L-42-G_20Sep2021_Hot_CS656175421071ABDI_side22.jpg,695.8588977
cropped_6558541-00CB9N-42-G_22Sep2021_Hot_CS656175421071AAYU_side22.jpg,882.8722856
cropped_6558541-00CB9P-42-S_23Sep2021_Hot_CS656175421071ABAD_side22.jpg,1301.259385
cropped_6558541-00CB9R-42-D_24Sep2021_Hot_P1490076-00-CSD1321267SR1AUP0_side22.jpg,693.1537541
cropped_6558541-00CB9R-42-G_24Sep2021_Hot_CS656175421076AAIP_side22.jpg,808.2842289
cropped_6558541-00CB9V-42-G_28Sep2021_Hot_CS656175421076ABBY_side22.jpg,1003.266194
cropped_6558541-00CB9W-42-G_29Sep2021_Hot_CS656175421076ABJO_side22.jpg,1221.433658
cropped_6558541-00CB9X-42-S_30Sep2021_Hot_CS656175421078AALP_side22.jpg,880.1635075
cropped_6558541-00CBX4-42-D_04Oct2021_Hot_CS656175421076ABEQ_side22.jpg,775.5689179
cropped_6558541-00CBXC-42-G_12Oct2021_Hot_CS656175421078AACE_side22.jpg,806.8598638
cropped_6558541-00CBXC-42-S_12Oct2021_Hot_CS656175421078ABBT_side22.jpg,1193.428966
cropped_6558541-00CBXD-42-G_13Oct2021_Hot_CS656175421078ABFL_side22.jpg,765.6522819
cropped_6558541-00CBXE-42-D_14Oct2021_Hot_CS656175421082AAOH_side22.jpg,1135.935959
cropped_6558541-00CBXF-42-G_15Oct2021_Hot_CS656175421083ABAV_side22.jpg,883.2516562
cropped_6558541-00CBXJ-42-G_18Oct2021_Hot_CS656175421078AAIO_side22.jpg,1054.656699
cropped_6558541-00CBXK-42-D_20Oct2021_Hot_P1490076-00-CSD1321292SR1BKP0_side22.jpg,628.9866581
cropped_6558541-00CBXL-42-D_20Oct2021_Hot_CS656175421273BATJ_side22.jpg,1030.341369
cropped_6558541-00CBXM-42-S_22Oct2021_Hot_P1490076-00-CSD1321294SR1CAR0_side22.jpg,1829.859956
cropped_6558541-00CBXN-42-S_23Oct2021_Hot_CS656175421273BAUG_side22.jpg,1925.076003
cropped_6558541-00CBXT-42-G_26Oct2021_Hot_CS656175421273BARI_side22.jpg,1124.513618
cropped_6558541-00CBXU-42-D_27Oct2021_Hot_CS656175421271AASS_side22.jpg,1078.213011
cropped_6558541-00CBXV-42-G_28Oct2021_Hot_CS656175421054AAOC_side22.jpg,651.6433106
cropped_6558541-00CBXW-42-G_29Oct2021_Hot_CS656175421054AARI_side22.jpg,2319.083732
cropped_6558541-00CBY1-42-D_01Nov2021_Hot_P1490076-00-CSD1321305SR1BGP0_side22.jpg,848.8937247
cropped_6558541-00CBY2-42-D_02Nov2021_Hot_P1490076-00-CSD1321306SR1AVE0_side22.jpg,1029.41728
cropped_6558541-00CBY3-42-D_03Nov2021_Hot_CS656175421286BAAI_side22.jpg,650.1958502
cropped_6558541-00CBY4-42-S_05Nov2021_Hot_CS656175421298BJQF_side22.jpg,680.3019415
cropped_6558541-00CBY6-42-D_06Nov2021_Hot_P1490076-00-CSD1321310SR1ACH0_side22.jpg,862.3361244
cropped_6558541-00CBY8-42-D_08Nov2021_Hot_P1490076-00-CSD1321312SR1BDL0_side22.jpg,820.8143173
cropped_6558541-00CBYA-42-D_10Nov2021_Hot_P1490076-00-CSD1321314SR1BIR0_side22.jpg,1014.557692
cropped_6558541-00CBYB-42-D_11Nov2021_Hot_P1490076-00-CSD1321315SR1BGH0_side22.jpg,1100.050883
cropped_6558541-00CBYC-42-D_12Nov2021_Hot_P1490076-00-CSD1321316SR1BPX0_side22.jpg,699.0772911
cropped_6558541-00CBYD-42-G_13Nov2021_Hot_CS656175421298BKDK_side22.jpg,709.6549963
cropped_6558541-00CBYH-42-S_18Nov2021_Hot_CS656175421299BDBX_side22.jpg,613.3998896
cropped_6558541-00CBYJ-42-G_18Nov2021_Hot_CS656175421306BAIX_side22.jpg,606.4086768
cropped_6558541-00CBYK-42-D_19Nov2021_Hot_P1490076-00-CSD1321323SR1BKE0_side22.jpg,1484.634063
cropped_6558541-00CBYL-42-S_21Nov2021_Hot_CS656175421312BBEH_side22.jpg,1408.504233
cropped_6558541-00CBYM-42-D_21Nov2021_Hot_CS656175421312BCFB_side22.jpg,804.8794626
cropped_6558541-00CBYN-42-D_22Nov2021_Hot_P1490076-00-CSD1321326SR1BIV0_side22.jpg,1373.219268
cropped_6558541-00CBYR-42-S_27Nov2021_Hot_CS656175421312BBOC_side22.jpg,972.1907435
cropped_6558541-00CBYW-42-G_29Nov2021_Hot_CS656175421312BCGG_side22.jpg,626.4102871
cropped_6558541-00CBZ1-42-S_01Dec2021_Hot_CS656175421287BADR_side22.jpg,811.8767022
cropped_6558541-00CBZ2-42-G_02Dec2021_Hot_CS656175421286BAWL_side22.jpg,751.4525672
cropped_6558541-00CBZ3-42-S_04Dec2021_Hot_CS656175421326BAQV_side22.jpg,1019.37845
cropped_6558541-00CBZ4-42-G_04Dec2021_Hot_CS656175421323BAQK_side22.jpg,640.6452889
cropped_6558541-00CBZ7-42-D_07Dec2021_Hot_CS656175421312BACO_side22.jpg,1122.143541
cropped_6558541-00CBZ8-42-G_08Dec2021_Hot_CS656175421334BANN_side22.jpg,527.430484
cropped_6558541-00CBZ9-42-G_09Dec2021_Hot_CS656175421334BCFR_side22.jpg,997.2464115
cropped_6558541-00CBZD-42-G_13Dec2021_Hot_CS656175421334BBYN_side22.jpg,787.7475156
cropped_6558541-00CBZG-423-D_16Dec2021_Hot_CS656175421333BAQI_side22.jpg,2774.114464
cropped_6558541-00CBZH-42-D_17Dec2021_Hot_P1490076-00-CSD1321351SR1AZE0_side22.jpg,608.5759109
cropped_6558541-00CBZJ-42-G_18Dec2021_Hot_CS656175421334BCDX_side22.jpg,662.8558152
cropped_6558541-00CBZK-42-G_19Dec2021_Hot_CS656175421327BMNR_side22.jpg,2067.83088
cropped_6558541-00CBZL-42-S_21Dec2021_Hot_CS656175421341BBAC_side22.jpg,1140.982241
cropped_6558541-00CBZM-42-G_21Dec2021_Hot_CS656175421340BAVN_side22.jpg,722.4133235
cropped_6558541-00CBZN-42-D_22Dec2021_Hot_P1490076-00-CSD1321356SR1BAJ0_side22.jpg,693.062155
cropped_6558541-00CC15-42-D_05Jan2022_Hot_P1490076-00-CSD1322005SR1BUT0_side22.jpg,981.8874678
cropped_6558541-00CC16-42-S_06Jan2022_Hot_CS656175421348BAZT_side22.jpg,1207.215219
cropped_6558541-00CC17-42-G_07Jan2022_Hot_CS656175421347BAVR_side22.jpg,1075.003036
cropped_6558541-00CC18-42-S_09Jan2022_Hot_CS656175421348BBKQ_side22.jpg,577.3387928
cropped_6558541-00CC19-42-G_09Jan2022_Hot_CS656175421348BBGZ_side22.jpg,651.7314133
cropped_6558541_29Jul2021_Hot_B7M78901_side22.jpg,982.8646485
cropped_6558541_29Jul2021_Hot_B7M78902_side22.jpg,981.9603423
cropped_6558541_29Jul2021_Hot_B7M78903_side22.jpg,809.7158631
cropped_6558541_29Jul2021_Hot_B7M78904_side22.jpg,892.7701509
cropped_6558541_29Jul2021_Hot_B7M78905_side22.jpg,1971.396945
cropped_6558541_29Jul2021_Hot_B7M78906_side22.jpg,1804.230401
cropped_6558541_29Jul2021_Hot_B7M78907_side22.jpg,1100.511042
cropped_6558541_29Jul2021_Hot_B7M78908_side22.jpg,880.2815605
cropped_6558541_29Jul2021_Hot_B7M78909_side22.jpg,1408.915716
cropped_6558541_29Jul2021_Hot_B7M78910_side22.jpg,972.3634523
cropped_6558541-00CB7K-42-S_20Jul2021_Hot_CS656175421057AAQX_side24.jpg,1791.701192
cropped_6558541-00CB7M-42-D_21Jul2021_Hot_CS656175421057AACL_side24.jpg,897.8300762
cropped_6558541-00CB7M-42-G_21Jul2021_Hot_CS656175421056AAET_side24.jpg,625.3520618
cropped_6558541-00CB7N-42-D_22Jul2021_Hot_CS656175421060AAUJ_side24.jpg,694.6159859
cropped_6558541-00CB7N-42-G_22Jul2021_Hot_CS656175421056AAQE_side24.jpg,879.5665429
cropped_6558541-00CB7P-42-D_23Jul2021_Hot_P1490076-00-CSD1321203SR1BFG0_side24.jpg,758.5015634
cropped_6558541-00CB8G-42-G_16Aug2021_Hot_CS656175421063AAVI_side24.jpg,592.4586672
cropped_6558541-00CB8H-42-G_17Aug2021_Hot_CS656175421061AANA_side24.jpg,695.857436
cropped_6558541-00CB8H-42-S_17Aug2021_Hot_CS656175421063AAZW_side24.jpg,775.7311902
cropped_6558541-00CB8J-42-G_18Aug2021_Hot_CS656175421061ABKS_side24.jpg,617.4983389
cropped_6558541-00CB8K-42-G_19Aug2021_Hot_CS656175421061ABPC_side24.jpg,601.4645789
cropped_6558541-00CB8L-42-D_20Aug2021_Hot_CS656175421054AATL_side24.jpg,968.0658589
cropped_6558541-00CB8L-42-G_20Aug2021_Hot_CS656175421049AALK_side24.jpg,480.3788353
cropped_6558541-00CB8P-42-D_23Aug2021_Hot_P1490076-00-CSD1321235SR1BCI0_side24.jpg,1058.175689
cropped_6558541-00CB8P-42-G_23Aug2021_Hot_CS656175421061ACBI_side24.jpg,561.3319328
cropped_6558541-00CB8R-42-G_24Aug2021_Hot_CS656175421063AALS_side24.jpg,678.4766953
cropped_6558541-00CB8S-42-D_25Aug2021_Hot_CS656175421064AAMV_side24.jpg,417.1358706
cropped_6558541-00CB8S-42-G_25Aug2021_Hot_CS656175421064AAII_side24.jpg,479.2971468
cropped_6558541-00CB8T-42-G_26Aug2021_Hot_CS656175421068AAWZ_side24.jpg,503.2614813
cropped_6558541-00CB8U-42-G_27Aug2021_Hot_CS656175421068AAMD_side24.jpg,645.762263
cropped_6558541-00CB8X-42-G_30Aug2021_Hot_CS656175421068AAFC_side24.jpg,783.9435216
cropped_6558541-00CB8Y-42-G_31Aug2021_Hot_CS656175421069ABBO_side24.jpg,871.9584718
cropped_6558541-00CB91-42-G_01Sep2021_Hot_CS656175421069AAVF_side24.jpg,856.2696893
cropped_6558541-00CB92-42-G_02Sep2021_Hot_CS656175421069AAOQ_side24.jpg,876.9208521
cropped_6558541-00CB93-42-G_03Sep2021_Hot_CS656175421069AAAD_side24.jpg,847.2192691
cropped_6558541-00CB97-42-G_07Sep2021_Hot_CS656175421071AART_side24.jpg,916.4704905
cropped_6558541-00CB99-42-G_09Sep2021_Hot_CS656175421071ABOM_side24.jpg,775.2215654
cropped_6558541-00CB9E-42-D_14Sep2021_Hot_CS656175421071AADU_side24.jpg,1197.87991
cropped_6558541-00CB9F-42-D_15Sep2021_Hot_CS656175421071ABON_side24.jpg,1045.072992
cropped_6558541-00CB9G-42-D_16Sep2021_Hot_CS656175421071AAGH_side24.jpg,2398.297831
cropped_6558541-00CB9H-42-D_17Sep2021_Hot_CS656175421076AAAT_side24.jpg,785.1501857
cropped_6558541-00CB9L-42-G_20Sep2021_Hot_CS656175421071ABDI_side24.jpg,474.0726011
cropped_6558541-00CB9N-42-G_22Sep2021_Hot_CS656175421071AAYU_side24.jpg,803.3817667
cropped_6558541-00CB9P-42-S_23Sep2021_Hot_CS656175421071ABAD_side24.jpg,1001.273793
cropped_6558541-00CB9R-42-D_24Sep2021_Hot_P1490076-00-CSD1321267SR1AUP0_side24.jpg,567.7124292
cropped_6558541-00CB9R-42-G_24Sep2021_Hot_CS656175421076AAIP_side24.jpg,672.0301446
cropped_6558541-00CB9V-42-G_28Sep2021_Hot_CS656175421076ABBY_side24.jpg,917.4098104
cropped_6558541-00CB9W-42-G_29Sep2021_Hot_CS656175421076ABJO_side24.jpg,1252.107094
cropped_6558541-00CB9X-42-S_30Sep2021_Hot_CS656175421078AALP_side24.jpg,906.8490326
cropped_6558541-00CBX4-42-D_04Oct2021_Hot_CS656175421076ABEQ_side24.jpg,881.0605824
cropped_6558541-00CBXC-42-G_12Oct2021_Hot_CS656175421078AACE_side24.jpg,928.0003909
cropped_6558541-00CBXC-42-S_12Oct2021_Hot_CS656175421078ABBT_side24.jpg,918.8167872
cropped_6558541-00CBXD-42-G_13Oct2021_Hot_CS656175421078ABFL_side24.jpg,823.1295681
cropped_6558541-00CBXE-42-D_14Oct2021_Hot_CS656175421082AAOH_side24.jpg,1135.816689
cropped_6558541-00CBXF-42-G_15Oct2021_Hot_CS656175421083ABAV_side24.jpg,968.8861638
cropped_6558541-00CBXJ-42-G_18Oct2021_Hot_CS656175421078AAIO_side24.jpg,976.431112
cropped_6558541-00CBXK-42-D_20Oct2021_Hot_P1490076-00-CSD1321292SR1BKP0_side24.jpg,603.3897303
cropped_6558541-00CBXL-42-D_20Oct2021_Hot_CS656175421273BATJ_side24.jpg,729.4384405
cropped_6558541-00CBXM-42-S_22Oct2021_Hot_P1490076-00-CSD1321294SR1CAR0_side24.jpg,1477.252492
cropped_6558541-00CBXN-42-S_23Oct2021_Hot_CS656175421273BAUG_side24.jpg,1762.717217
cropped_6558541-00CBXT-42-G_26Oct2021_Hot_CS656175421273BARI_side24.jpg,1052.448016
cropped_6558541-00CBXU-42-D_27Oct2021_Hot_CS656175421271AASS_side24.jpg,825.3029119
cropped_6558541-00CBXV-42-G_28Oct2021_Hot_CS656175421054AAOC_side24.jpg,560.601622
cropped_6558541-00CBXW-42-G_29Oct2021_Hot_CS656175421054AARI_side24.jpg,2198.636701
cropped_6558541-00CBY1-42-D_01Nov2021_Hot_P1490076-00-CSD1321305SR1BGP0_side24.jpg,1102.093805
cropped_6558541-00CBY2-42-D_02Nov2021_Hot_P1490076-00-CSD1321306SR1AVE0_side24.jpg,1088.851671
cropped_6558541-00CBY3-42-D_03Nov2021_Hot_CS656175421286BAAI_side24.jpg,709.5977135
cropped_6558541-00CBY4-42-S_05Nov2021_Hot_CS656175421298BJQF_side24.jpg,551.8868478
cropped_6558541-00CBY6-42-D_06Nov2021_Hot_P1490076-00-CSD1321310SR1ACH0_side24.jpg,697.2189271
cropped_6558541-00CBY8-42-D_08Nov2021_Hot_P1490076-00-CSD1321312SR1BDL0_side24.jpg,820.7512214
cropped_6558541-00CBYA-42-D_10Nov2021_Hot_P1490076-00-CSD1321314SR1BIR0_side24.jpg,1094.86623
cropped_6558541-00CBYB-42-D_11Nov2021_Hot_P1490076-00-CSD1321315SR1BGH0_side24.jpg,1405.662595
cropped_6558541-00CBYC-42-D_12Nov2021_Hot_P1490076-00-CSD1321316SR1BPX0_side24.jpg,603.3208911
cropped_6558541-00CBYD-42-G_13Nov2021_Hot_CS656175421298BKDK_side24.jpg,521.5493942
cropped_6558541-00CBYH-42-S_18Nov2021_Hot_CS656175421299BDBX_side24.jpg,468.4893492
cropped_6558541-00CBYJ-42-G_18Nov2021_Hot_CS656175421306BAIX_side24.jpg,576.9484561
cropped_6558541-00CBYK-42-D_19Nov2021_Hot_P1490076-00-CSD1321323SR1BKE0_side24.jpg,1174.980457
cropped_6558541-00CBYL-42-S_21Nov2021_Hot_CS656175421312BBEH_side24.jpg,994.3306625
cropped_6558541-00CBYM-42-D_21Nov2021_Hot_CS656175421312BCFB_side24.jpg,719.8429744
cropped_6558541-00CBYN-42-D_22Nov2021_Hot_P1490076-00-CSD1321326SR1BIV0_side24.jpg,1843.735783
cropped_6558541-00CBYR-42-S_27Nov2021_Hot_CS656175421312BBOC_side24.jpg,937.3451241
cropped_6558541-00CBYW-42-G_29Nov2021_Hot_CS656175421312BCGG_side24.jpg,442.4926715
cropped_6558541-00CBZ1-42-S_01Dec2021_Hot_CS656175421287BADR_side24.jpg,613.162693
cropped_6558541-00CBZ2-42-G_02Dec2021_Hot_CS656175421286BAWL_side24.jpg,577.8743893
cropped_6558541-00CBZ3-42-S_04Dec2021_Hot_CS656175421326BAQV_side24.jpg,586.6377272
cropped_6558541-00CBZ4-42-G_04Dec2021_Hot_CS656175421323BAQK_side24.jpg,486.4175787
cropped_6558541-00CBZ7-42-D_07Dec2021_Hot_CS656175421312BACO_side24.jpg,700.1887336
cropped_6558541-00CBZ8-42-G_08Dec2021_Hot_CS656175421334BANN_side24.jpg,404.1068986
cropped_6558541-00CBZ9-42-G_09Dec2021_Hot_CS656175421334BCFR_side24.jpg,775.3155169
cropped_6558541-00CBZD-42-G_13Dec2021_Hot_CS656175421334BBYN_side24.jpg,801.0708423
cropped_6558541-00CBZG-423-D_16Dec2021_Hot_CS656175421333BAQI_side24.jpg,2948.182333
cropped_6558541-00CBZH-42-D_17Dec2021_Hot_P1490076-00-CSD1321351SR1AZE0_side24.jpg,415.7325093
cropped_6558541-00CBZJ-42-G_18Dec2021_Hot_CS656175421334BCDX_side24.jpg,581.1526285
cropped_6558541-00CBZK-42-G_19Dec2021_Hot_CS656175421327BMNR_side24.jpg,1900.445574
cropped_6558541-00CBZL-42-S_21Dec2021_Hot_CS656175421341BBAC_side24.jpg,847.5249169
cropped_6558541-00CBZM-42-G_21Dec2021_Hot_CS656175421340BAVN_side24.jpg,636.1993844
cropped_6558541-00CBZN-42-D_22Dec2021_Hot_P1490076-00-CSD1321356SR1BAJ0_side24.jpg,498.9429353
cropped_6558541-00CC15-42-D_05Jan2022_Hot_P1490076-00-CSD1322005SR1BUT0_side24.jpg,836.3223568
cropped_6558541-00CC16-42-S_06Jan2022_Hot_CS656175421348BAZT_side24.jpg,978.8831346
cropped_6558541-00CC17-42-G_07Jan2022_Hot_CS656175421347BAVR_side24.jpg,916.2311902
cropped_6558541-00CC18-42-S_09Jan2022_Hot_CS656175421348BBKQ_side24.jpg,436.7865937
cropped_6558541-00CC19-42-G_09Jan2022_Hot_CS656175421348BBGZ_side24.jpg,503.5599961
cropped_6558541_29Jul2021_Hot_B7M78901_side24.jpg,1017.870236
cropped_6558541_29Jul2021_Hot_B7M78902_side24.jpg,976.6408052
cropped_6558541_29Jul2021_Hot_B7M78903_side24.jpg,993.9556381
cropped_6558541_29Jul2021_Hot_B7M78904_side24.jpg,938.0456322
cropped_6558541_29Jul2021_Hot_B7M78905_side24.jpg,2285.795974
cropped_6558541_29Jul2021_Hot_B7M78906_side24.jpg,2183.933555
cropped_6558541_29Jul2021_Hot_B7M78907_side24.jpg,1223.724057
cropped_6558541_29Jul2021_Hot_B7M78908_side24.jpg,1000.555013
cropped_6558541_29Jul2021_Hot_B7M78909_side24.jpg,1349.756303
cropped_6558541_29Jul2021_Hot_B7M78910_side24.jpg,971.7243502
